{"posiciones": {"Betis": {"puntos": 29, "goles a favor": 25, "goles en contra": 26}, "Girona": {"puntos": 15, "goles a favor": 17, "goles en contra": 28}, "Barcelona": {"puntos": 48, "goles a favor": 51, "goles en contra": 17}, "Celta": {"puntos": 29, "goles a favor": 31, "goles en contra": 25}, "Villarreal": {"puntos": 23, "goles a favor": 28, "goles en contra": 26}, "Eibar": {"puntos": 33, "goles a favor": 31, "goles en contra": 21}, "Real Madrid": {"puntos": 40, "goles a favor": 32, "goles en contra": 15}, "Vallecano": {"puntos": 21, "goles a favor": 25, "goles en contra": 32}, "Ath Bilbao": {"puntos": 35, "goles a favor": 26, "goles en contra": 19}, "Valencia": {"puntos": 31, "goles a favor": 24, "goles en contra": 12}, "Getafe": {"puntos": 36, "goles a favor": 28, "goles en contra": 13}, "Leganes": {"puntos": 29, "goles a favor": 19, "goles en contra": 16}, "Alaves": {"puntos": 29, "goles a favor": 19, "goles en contra": 19}, "Ath Madrid": {"puntos": 48, "goles a favor": 32, "goles en contra": 10}, "Valladolid": {"puntos": 20, "goles a favor": 16, "goles en contra": 26}, "Espanol": {"puntos": 36, "goles a favor": 28, "goles en contra": 22}, "Sevilla": {"puntos": 39, "goles a favor": 39, "goles en contra": 20}, "Levante": {"puntos": 25, "goles a favor": 34, "goles en contra": 34}, "Huesca": {"puntos": 21, "goles a favor": 24, "goles en contra": 30}, "Sociedad": {"puntos": 27, "goles a favor": 23, "goles en contra": 20}}}