{"2002": {"promedio anual": 3.39, "promedio mensual": {"mar": 2.85, "abr": 2.99, "may": 3.57, "jun": 3.81, "jul": 3.68, "ago": 3.62, "sep": 3.69, "oct": 3.55, "nov": 3.58, "dic": 3.39}}, "2003": {"promedio anual": 2.94, "promedio mensual": {"ene": 3.23, "feb": 3.19, "mar": 2.96, "abr": 2.84, "may": 2.87, "jun": 2.79, "jul": 2.89, "ago": 2.95, "sep": 2.9, "oct": 2.87, "nov": 2.98, "dic": 2.94}}, "2004": {"promedio anual": 2.97, "promedio mensual": {"ene": 2.93, "feb": 2.92, "mar": 2.88, "abr": 2.84, "may": 2.96, "jun": 2.96, "jul": 2.97, "ago": 3.0, "sep": 2.99, "oct": 2.97, "nov": 2.95, "dic": 2.97}}, "2005": {"promedio anual": 3.03, "promedio mensual": {"ene": 2.93, "feb": 2.93, "mar": 2.92, "abr": 2.91, "may": 2.89, "jun": 2.89, "jul": 2.86, "ago": 2.91, "sep": 2.91, "oct": 3.01, "nov": 2.98, "dic": 3.03}}, "2006": {"promedio anual": 3.07, "promedio mensual": {"ene": 3.06, "feb": 3.07, "mar": 3.08, "abr": 3.04, "may": 3.08, "jun": 3.08, "jul": 3.08, "ago": 3.09, "sep": 3.1, "oct": 3.09, "nov": 3.07, "dic": 3.07}}, "2007": {"promedio anual": 3.14, "promedio mensual": {"ene": 3.1, "feb": 3.1, "mar": 3.1, "abr": 3.09, "may": 3.08, "jun": 3.09, "jul": 3.12, "ago": 3.16, "sep": 3.14, "oct": 3.15, "nov": 3.14, "dic": 3.14}}, "2008": {"promedio anual": 3.45, "promedio mensual": {"ene": 3.15, "feb": 3.16, "mar": 3.16, "abr": 3.17, "may": 3.1, "jun": 3.02, "jul": 3.03, "ago": 3.03, "sep": 3.12, "oct": 3.36, "nov": 3.36, "dic": 3.45}}, "2009": {"promedio anual": 3.8, "promedio mensual": {"ene": 3.48, "feb": 3.55, "mar": 3.71, "abr": 3.72, "may": 3.74, "jun": 3.79, "jul": 3.83, "ago": 3.85, "sep": 3.84, "oct": 3.82, "nov": 3.81, "dic": 3.8}}, "2010": {"promedio anual": 3.98, "promedio mensual": {"ene": 3.81, "feb": 3.86, "mar": 3.87, "abr": 3.88, "may": 3.92, "jun": 3.93, "jul": 3.93, "ago": 3.94, "sep": 3.97, "oct": 3.96, "nov": 3.98, "dic": 3.98}}, "2011": {"promedio anual": 4.3, "promedio mensual": {"ene": 4.0, "feb": 4.03, "mar": 4.04, "abr": 4.08, "may": 4.08, "jun": 4.1, "jul": 4.13, "ago": 4.19, "sep": 4.2, "oct": 4.23, "nov": 4.27, "dic": 4.3}}, "2012": {"promedio anual": 4.91, "promedio mensual": {"ene": 4.33, "feb": 4.35, "mar": 4.37, "abr": 4.41, "may": 4.47, "jun": 4.52, "jul": 4.58, "ago": 4.63, "sep": 4.69, "oct": 4.76, "nov": 4.83, "dic": 4.91}}, "2013": {"promedio anual": 6.48, "promedio mensual": {"ene": 4.97, "feb": 5.04, "mar": 5.12, "abr": 5.18, "may": 5.28, "jun": 5.38, "jul": 5.5, "ago": 5.67, "sep": 5.79, "oct": 5.9, "nov": 6.12, "dic": 6.48}}, "2014": {"promedio anual": 8.55, "promedio mensual": {"ene": 8.01, "feb": 7.87, "mar": 8.0, "abr": 8.0, "may": 8.07, "jun": 8.13, "jul": 8.2, "ago": 8.41, "sep": 8.46, "oct": 8.5, "nov": 8.52, "dic": 8.55}}, "2015": {"promedio anual": 13.29, "promedio mensual": {"ene": 8.64, "feb": 8.7, "mar": 8.81, "abr": 8.86, "may": 8.98, "jun": 9.07, "jul": 9.16, "ago": 9.29, "sep": 9.41, "oct": 9.54, "nov": 9.68, "dic": 13.29}}, "2016": {"promedio anual": 16.07, "promedio mensual": {"ene": 13.98, "feb": 15.64, "mar": 14.84, "abr": 14.48, "may": 14.21, "jun": 15.16, "jul": 15.2, "ago": 15.16, "sep": 15.52, "oct": 15.39, "nov": 15.95, "dic": 16.07}}, "2017": {"promedio anual": 18.91, "promedio mensual": {"ene": 16.11, "feb": 15.71, "mar": 15.61, "abr": 15.61, "may": 16.29, "jun": 16.72, "jul": 17.91, "ago": 17.52, "sep": 17.56, "oct": 17.84, "nov": 17.54, "dic": 18.91}}, "2018": {"promedio anual": 38.64, "promedio mensual": {"ene": 19.86, "feb": 20.37, "mar": 20.41, "abr": 20.79, "may": 25.37, "jun": 29.09, "jul": 28.59, "ago": 36.52, "sep": 41.8, "oct": 37.25, "nov": 38.79, "dic": 38.64}}, "2019": {"promedio anual": 63.0, "promedio mensual": {"ene": 38.2, "feb": 39.95, "mar": 44.3, "abr": 45.61, "may": 45.67, "jun": 43.52, "jul": 44.82, "ago": 60.59, "sep": 58.98, "oct": 63.57, "nov": 62.26, "dic": 63.0}}, "2020": {"promedio anual": 85.11, "promedio mensual": {"ene": 63.0, "feb": 63.92, "mar": 65.67, "abr": 68.59, "may": 70.47, "jun": 73.38, "jul": 76.11, "ago": 77.98, "sep": 79.94, "oct": 83.5, "nov": 85.11}}}