{"20": {"tmin_promedio": 25.08, "tmax_promedio": 18.46, "ene": {"tmax_promedio": 26.61, "tmin_promedio": 16.94}, "feb": {"tmax_promedio": 35.63, "tmin_promedio": 16.98}, "mar": {"tmax_promedio": 34.55, "tmin_promedio": 17.31}, "abr": {"tmax_promedio": 22.12, "tmin_promedio": 17.03}, "may": {"tmax_promedio": 20.45, "tmin_promedio": 6.67}, "jun": {"tmax_promedio": 16.62, "tmin_promedio": -0.99}, "jul": {"tmax_promedio": 10.92, "tmin_promedio": 1.38}, "ago": {"tmax_promedio": 23.86, "tmin_promedio": 0.64}, "sep": {"tmax_promedio": 12.43, "tmin_promedio": 5.3}, "oct": {"tmax_promedio": 20.26, "tmin_promedio": 4.38}, "nov": {"tmax_promedio": 29.3, "tmin_promedio": 8.13}, "dic": {"tmax_promedio": null, "tmin_promedio": null}}, "19": {"tmin_promedio": 24.19, "tmax_promedio": 19.8, "ene": {"tmax_promedio": null, "tmin_promedio": null}, "feb": {"tmax_promedio": null, "tmin_promedio": null}, "mar": {"tmax_promedio": null, "tmin_promedio": null}, "abr": {"tmax_promedio": null, "tmin_promedio": null}, "may": {"tmax_promedio": null, "tmin_promedio": null}, "jun": {"tmax_promedio": null, "tmin_promedio": null}, "jul": {"tmax_promedio": null, "tmin_promedio": null}, "ago": {"tmax_promedio": null, "tmin_promedio": null}, "sep": {"tmax_promedio": null, "tmin_promedio": null}, "oct": {"tmax_promedio": null, "tmin_promedio": null}, "nov": {"tmax_promedio": 27.48, "tmin_promedio": 16.5}, "dic": {"tmax_promedio": 27.7, "tmin_promedio": 10.73}}}