fecha_de_extraccion,hora,precio,producto,marca,supermercado,categoria,link
2020-12-15,18:24:44,48.41,Arroz Oro Gallo 500 Gr,GALLO,JUMBO,Arroz,https://www.jumbo.com.ar/arroz-oro-gallo-500-gr/p
2020-12-15,18:24:55,48.41,Arroz Oro En Bolsa Gallo 500gr,Gallo,WALMART,Arroz y Legumbres,https://www.walmart.com.ar/arroz-oro-en-bolsa-gallo-500gr/p
2020-12-15,18:25:17,49.99,GALLO ARROZ LARGO FINO BOLSA 500 GR,GALLO,LA AMISTAD,- GRANO LARGO,https://tiendalaamistad.com.ar/tienda/almacen/arroz/grano-largo/gallo-arroz-largo-fino-bolsa-500-gr/
2020-12-15,18:24:47,79.59,Bizcochos Arroz Salados Gallo 100gr,Gallo,WALMART,Desayuno y Golosinas,https://www.walmart.com.ar/bizcochos-arroz-salados-gallo-100gr/p
2020-12-15,18:24:47,79.59,Bizcochos Arroz Dulces Gallo 100gr,Gallo,WALMART,Desayuno y Golosinas,https://www.walmart.com.ar/bizcochos-arroz-dulces-gallo-100gr/p
2020-12-15,18:24:44,80.34,Gallo Snacks Bizcochos De Arroz Salados 100 Gr,GALLO,JUMBO,Galletitas Saladas,https://www.jumbo.com.ar/gallo-snacks-bizcochos-de-arroz-salados-100-gr/p
2020-12-15,18:24:47,89.72,Arroz Preparado Verdeo Gallo 240 Gr,GALLO,JUMBO,Arroz Listos,https://www.jumbo.com.ar/arroz-preparado-verdeo-gallo-240-gr-2/p
2020-12-15,18:24:47,89.72,Arroz Preparado Mix Vegetales Gallo 240 Gr,GALLO,JUMBO,Arroz Listos,https://www.jumbo.com.ar/arroz-preparado-mix-vegetales-gallo-240-gr/p
2020-12-15,18:24:48,89.72,Arroz Preparado Queso Gallo 240 Gr,GALLO,JUMBO,Arroz Listos,https://www.jumbo.com.ar/arroz-preparado-queso-gallo-240-gr-2/p
2020-12-15,18:24:52,89.72,Arroz Preparado Gallo Verdeo X 240 Gr,Gallo,WALMART,Arroz y Legumbres,https://www.walmart.com.ar/arroz-preparado-gallo-verdeo-x-240-gr/p
2020-12-15,18:24:52,89.72,Arroz Preparado Gallo Queso X 240 Gr,Gallo,WALMART,Arroz y Legumbres,https://www.walmart.com.ar/arroz-preparado-gallo-queso-x-240-gr/p
2020-12-15,18:24:54,89.72,Arroz Preparado Gallo Vegetales X 240 Gr,Gallo,WALMART,Arroz y Legumbres,https://www.walmart.com.ar/arroz-preparado-gallo-vegetales-x-240-gr/p
2020-12-15,18:25:09,97.99,GALLO ARROZ DOBLE CAROLINA BOLSA 500 GR,GALLO,LA AMISTAD,- DOBLE,https://tiendalaamistad.com.ar/tienda/almacen/arroz/doble/gallo-arroz-doble-carolina-bolsa-500-gr/
2020-12-15,18:24:52,100.08,Arroz Amarillo Gallo Oro 1kg,Gallo,WALMART,Arroz y Legumbres,https://www.walmart.com.ar/arroz-amarillo-gallo-oro-1kg/p
2020-12-15,18:24:47,126.33,Arroz Yamaní Gallo Integral Sin Tacc X 500 Gr,Gallo,WALMART,Arroz y Legumbres,https://www.walmart.com.ar/arroz-yamani-gallo-integral-sin-tacc-x-500-gr/p
2020-12-15,18:24:51,130.0,Arroz Preparado Risotto Gallo Mediterraneo X 240 Gr,Gallo,WALMART,Arroz y Legumbres,https://www.walmart.com.ar/arroz-preparado-risotto-gallo-mediterraneo-x-240-gr/p
2020-12-15,18:24:51,130.0,Arroz Preparado Risotto Gallo Champiñones X 240 Gr,Gallo,WALMART,Arroz y Legumbres,https://www.walmart.com.ar/arroz-preparado-risotto-gallo-champinones-x-240-gr/p
2020-12-15,18:24:53,130.0,Arroz Preparado Risotto Gallo Primavera X 240 Gr,Gallo,WALMART,Arroz y Legumbres,https://www.walmart.com.ar/arroz-preparado-risotto-gallo-primavera-x-240-gr/p
2020-12-15,18:24:53,130.0,Arroz Preparado Risotto Gallo 4 Quesos X 240 Gr,Gallo,WALMART,Arroz y Legumbres,https://www.walmart.com.ar/arroz-preparado-risotto-gallo-4-quesos-x-240-gr/p
2020-12-15,18:24:49,134.01,Arroz Yamaní Gallo 500 Gr,GALLO,JUMBO,Arroz,https://www.jumbo.com.ar/arroz-yamani-gallo-500-gr/p
2020-12-15,18:25:02,138.99,GALLO ARROZ INTEGRAL CAJA 1 KG,GALLO,LA AMISTAD,- INTEGRAL,https://tiendalaamistad.com.ar/tienda/almacen/arroz/integral/gallo-arroz-integral-caja-1-kg/
2020-12-15,18:24:55,139.69,Arroz Integral En Caja Gallo 1 Kg,Gallo,WALMART,Arroz y Legumbres,https://www.walmart.com.ar/arroz-integral-en-bolsa-gallo-1kg/p
2020-12-15,18:24:56,139.99,GALLO ARROZ CARNAROLI 500 GR,GALLO,LA AMISTAD,- ESPECIALES,https://tiendalaamistad.com.ar/tienda/almacen/arroz/especiales/gallo-arroz-carnaroli-500-gr/
2020-12-15,18:24:54,144.61,Arroz Carnaroli Gallo 500gr,Gallo,WALMART,Arroz y Legumbres,https://www.walmart.com.ar/arroz-carnaroli-gallo-500gr/p
2020-12-15,18:25:08,179.99,GALLO ARROZ DOBLE CAROLINA CAJA 1 KG,GALLO,LA AMISTAD,- DOBLE,https://tiendalaamistad.com.ar/tienda/almacen/arroz/doble/gallo-arroz-doble-carolina-caja-1-kg/
2020-12-15,18:24:49,187.44,Arroz Doble Carolina Gallo 1kg,Gallo,WALMART,Arroz y Legumbres,https://www.walmart.com.ar/arroz-doble-carolina-gallo-1kg/p
