fecha_de_extraccion,hora,precio,producto,marca,supermercado,categoria,link
2020-12-15,18:18:54,39.2,Harina 000 Morixe X 1 Kg,Morixe,WALMART,Pastas y Harinas,https://www.walmart.com.ar/harina-000-morixe-x-1-kg/p
2020-12-15,18:19:00,40.08,Harina De Trigo 000 Favorita 1 Kg,Favorita,WALMART,Pastas y Harinas,https://www.walmart.com.ar/harina-000-vit-zinc-favorita-1kg/p
2020-12-15,18:18:58,42.37,Harina 000 Chacabuco X 1 Kg,Chacabuco,WALMART,Pastas y Harinas,https://www.walmart.com.ar/harina-000-chacabuco-1-kg/p
2020-12-15,18:18:54,44.19,Harina De Trigo 000 Acuenta 1 Kg,Acuenta,WALMART,Pastas y Harinas,https://www.walmart.com.ar/harina-de-trigo-000-acuenta-1-kg/p
2020-12-15,18:18:59,45.28,Harina 000 Great Value 1 Kg,Great Value,WALMART,Pastas y Harinas,https://www.walmart.com.ar/harina-000-great-value-1-kg/p
2020-12-15,18:18:58,45.48,Harina 000 Caserita X 1 Kg,Caserita,WALMART,Pastas y Harinas,https://www.walmart.com.ar/harina-000-caserita-x-1-kg/p
2020-12-15,18:18:53,46.79,PUREZA HARINA 000 1KG,PUREZA,LA AMISTAD,- HARINA 000,https://tiendalaamistad.com.ar/tienda/almacen/harinas/harina-000/pureza-harina-000-1kg/
2020-12-15,18:18:56,47.0,Harina 000 Estupenda X 1 Kg,Estupenda,WALMART,Pastas y Harinas,https://www.walmart.com.ar/harina-000-estupenda-x-1-kg/p
2020-12-15,18:18:58,49.0,Harina De Trigo 000 Blancaflor 1kg,Blancaflor,WALMART,Pastas y Harinas,https://www.walmart.com.ar/harina-000-blancaflor-1kg/p
2020-12-15,18:18:54,49.79,Harina 0000 Chacabuco X 1 Kg,Chacabuco,WALMART,Pastas y Harinas,https://www.walmart.com.ar/harina-0000-chacabuco-1-kg/p
2020-12-15,18:18:53,49.99,FAVORITA HARINA 000 1 KG,FAVORITA,LA AMISTAD,- HARINA 000,https://tiendalaamistad.com.ar/tienda/almacen/harinas/harina-000/favorita-harina-000-1-kg/
2020-12-15,18:18:54,51.32,Harina De Trigo 000 X 1k,Bonanza,WALMART,Pastas y Harinas,https://www.walmart.com.ar/harina-000-bonanza-x-1-kg/p
2020-12-15,18:18:55,53.21,Harina De Trigo 0000 Favorita 1kg,Favorita,WALMART,Pastas y Harinas,https://www.walmart.com.ar/harina-0000-vit-zinc-favorita-1kg/p
2020-12-15,18:18:57,54.65,Harina 0000 Morixe X 1 Kg,Morixe,WALMART,Pastas y Harinas,https://www.walmart.com.ar/harina-0000-morixe-x-1-kg/p
2020-12-15,18:18:57,54.88,Harina 0000 Great Value 1 Kg,Great Value,WALMART,Pastas y Harinas,https://www.walmart.com.ar/harina-0000-great-value-1-kg/p
2020-12-15,18:18:56,56.24,Harina Leudante Chacabuco X 1 Kg,Chacabuco,WALMART,Pastas y Harinas,https://www.walmart.com.ar/harina-leudante-chacabuco-1-kg/p
2020-12-15,18:18:55,57.48,Harina De Trigo 0000 Acuenta 1 Kg,Acuenta,WALMART,Pastas y Harinas,https://www.walmart.com.ar/harina-de-trigo-0000-acuenta-1-kg/p
2020-12-15,18:18:51,58.99,PUREZA HARINA 0000 1 KG,PUREZA,LA AMISTAD,- HARINA 0000,https://tiendalaamistad.com.ar/tienda/almacen/harinas/harina-0000/pureza-harina-0000-1-kg/
2020-12-15,18:18:55,61.8,Harina Leudante Morixe X 1 Kg,Morixe,WALMART,Pastas y Harinas,https://www.walmart.com.ar/harina-leudante-morixe-x-1-kg/p
2020-12-15,18:18:57,64.32,Harina De Trigo 0000 Blancaflor 1kg,Blancaflor,WALMART,Pastas y Harinas,https://www.walmart.com.ar/harina-0000-blancaflor-1kg/p
2020-12-15,18:18:55,65.41,Harina 0000 Pureza Ultra Refinada 1 Kg,Pureza,WALMART,Pastas y Harinas,https://www.walmart.com.ar/harina-0000-ultra-refinada-pureza-1kg/p
2020-12-15,18:18:54,66.61,Harina De Trigo 0000 X 1k,Bonanza,WALMART,Pastas y Harinas,https://www.walmart.com.ar/harina-0000-bonanza-x-1-kg/p
2020-12-15,18:18:57,68.85,Harina De Trigo Leudante Blancaflor 1kg,Blancaflor,WALMART,Pastas y Harinas,https://www.walmart.com.ar/harina-leudante-vitazinc-blancaflor-1kg/p
2020-12-15,18:18:51,68.99,PUREZA HARINA LEUDANTE SIN SAL 1 KG,PUREZA,LA AMISTAD,- HARINA LEUDANTE,https://tiendalaamistad.com.ar/tienda/almacen/harinas/harina-leudante/pureza-harina-leudante-sin-sal-1-kg/
2020-12-15,18:18:55,69.0,Harina Leudante Caserita X 1 Kg,Caserita,WALMART,Pastas y Harinas,https://www.walmart.com.ar/harina-leudante-caserita-x-1-kg/p
2020-12-15,18:18:56,69.99,PUREZA HARINA LEUDANTE 1 KG,PUREZA,LA AMISTAD,- HARINA LEUDANTE,https://tiendalaamistad.com.ar/tienda/almacen/harinas/harina-leudante/pureza-harina-leudante-1-kg/
2020-12-15,18:18:57,71.02,Harina Leudante Great Value 1 Kg,Great Value,WALMART,Pastas y Harinas,https://www.walmart.com.ar/harina-leudante-great-value-1-kg/p
2020-12-15,18:18:59,72.31,Harina Leudante Pureza 1 Kg,Pureza,WALMART,Pastas y Harinas,https://www.walmart.com.ar/harina-leudante-pureza-1kg/p
2020-12-15,18:18:53,72.99,CANVAS COOKIES VAINILLA CON HARINA INTEGRAL 150 GR,CANVAS,LA AMISTAD,- DULCES SECAS,https://tiendalaamistad.com.ar/tienda/desayuno-y-merienda/galletitas/dulces-secas/canvas-cookies-vainilla-con-harina-integral-150-gr/
2020-12-15,18:18:49,74.99,PUREZA PAN RALLADO INTEGRAL CON SEMILLAS 350 GR,PUREZA,LA AMISTAD,- PAN RALLADO,https://tiendalaamistad.com.ar/tienda/almacen/panificados/pan-rallado/pureza-pan-rallado-integral-con-semillas-350-gr/
2020-12-15,18:18:51,74.99,PUREZA HARINA INTEGRAL 1 KG,PUREZA,LA AMISTAD,- HARINA INTEGRAL,https://tiendalaamistad.com.ar/tienda/almacen/harinas/harina-integral/pureza-harina-integral-1-kg/
2020-12-15,18:18:57,74.99,BLANCAFLOR HARINA LEUDANTE N 1 KG,BLANCAFLOR,LA AMISTAD,- HARINA LEUDANTE,https://tiendalaamistad.com.ar/tienda/almacen/harinas/harina-leudante/blancaflor-harina-leudante-n-1-kg/
2020-12-15,18:19:01,75.0,Harina Integral Pureza 100% X 1 Kg,Pureza,WALMART,Pastas y Harinas,https://www.walmart.com.ar/harina-integral-pureza-100-x-1-kg/p
2020-12-15,18:18:51,79.99,MATARAZZO FIDEOS 500 GR TIRABUZON INTEGRAL,MATARAZZO,LA AMISTAD,- PASTAS SECAS,https://tiendalaamistad.com.ar/tienda/almacen/pastas-secas/pastas-secas-pastas-secas/matarazzo-fideos-500-gr-tirabuzon-integral/
2020-12-15,18:18:51,79.99,MATARAZZO FIDEOS 500 GS SPAGHETTI INTEGRAL,MATARAZZO,LA AMISTAD,- PASTAS SECAS,https://tiendalaamistad.com.ar/tienda/almacen/pastas-secas/pastas-secas-pastas-secas/matarazzo-fideos-500-gs-spaghetti-integral/
2020-12-15,18:18:52,79.99,PUREZA HARINA PARA PIZZA 1 KG,PUREZA,LA AMISTAD,- PREMEZCLA,https://tiendalaamistad.com.ar/tienda/almacen/harinas/premezcla/pureza-harina-para-pizza-1-kg/
2020-12-15,18:18:59,80.0,Harina Especial Pureza Pizza Casera 1 Kg,Pureza,WALMART,Pastas y Harinas,https://www.walmart.com.ar/harina-especial-pizza-casera-pureza-1-kg/p
2020-12-15,18:18:49,82.82,Fideos Spaghetti Matarazzo Integral X 500 Gr,Matarazzo,WALMART,Pastas y Harinas,https://www.walmart.com.ar/spaghetti-integral-matarazzo-500-gr/p
2020-12-15,18:18:49,82.82,Fideos Tirabuzón Matarazzo Integral X 500 Gr,Matarazzo,WALMART,Pastas y Harinas,https://www.walmart.com.ar/tirabuzon-integral-matarazzo-500-gr/p
2020-12-15,18:18:54,83.76,Harina Con Levadura Pureza Especial Pan 1 Kg,Pureza,WALMART,Pastas y Harinas,https://www.walmart.com.ar/harina-especial-pan-pureza-1-kg/p
2020-12-15,18:18:48,87.27,Arroz Integral Dos Hermanos 1 Kg,Dos Hermanos,WALMART,Arroz y Legumbres,https://www.walmart.com.ar/arroz-integral-dos-hermanos-1-kg/p
2020-12-15,18:18:56,89.0,Harina De Trigo 0000 Don Felipe 1 Kg,Don Felipe,WALMART,Pastas y Harinas,https://www.walmart.com.ar/harina-0000-don-felipe-x-1-kg/p
2020-12-15,18:18:51,94.46,Arroz Integral Molinos Ala 1 Kg,Molinos Ala,WALMART,Arroz y Legumbres,https://www.walmart.com.ar/arroz-integral-molinos-ala-1-kg/p
2020-12-15,18:18:59,96.55,Harina De Trigo Para Pizza Blancaflor 1kg,Blancaflor,WALMART,Pastas y Harinas,https://www.walmart.com.ar/harina-luedante-pizza-blancaflor-tipo-casera-x-1-kg/p
2020-12-15,18:19:00,98.55,Pan Integral Veneziana 360 Gr,Veneziana,WALMART,Panificados,https://www.walmart.com.ar/pan-integral-veneziana-360-gr/p
2020-12-15,18:18:51,104.46,Fideos Spaghetti Integral Knorr 500 Gr,Knorr,WALMART,Pastas y Harinas,https://www.walmart.com.ar/fideos-spaghetti-integral-knorr-500-gr/p
2020-12-15,18:18:50,116.66,Galletitas Integral C/ Choc Cachafaz 225g,Cachafaz,WALMART,Desayuno y Golosinas,https://www.walmart.com.ar/galletitas-integral-c-choc-cachafaz-225g/p
2020-12-15,18:18:52,116.66,Galletitas Integral & Algarroba Cachafaz 225gr,Cachafaz,WALMART,Desayuno y Golosinas,https://www.walmart.com.ar/galletitas-integral-algarroba-cachafaz-225gr/p
2020-12-15,18:19:02,116.66,Galletitas Integral Granola Cachafaz 225gr,Cachafaz,WALMART,Desayuno y Golosinas,https://www.walmart.com.ar/galletitas-integral-granola-cachafaz-225gr/p
2020-12-15,18:19:01,116.97,Premezcla Pizza  Gourmet Integral Pureza 550gr,Pureza,WALMART,Pastas y Harinas,https://www.walmart.com.ar/premezcla-pizza-gourmet-integral-pureza-550gr/p
2020-12-15,18:18:50,126.33,Arroz Yamaní Gallo Integral Sin Tacc X 500 Gr,Gallo,WALMART,Arroz y Legumbres,https://www.walmart.com.ar/arroz-yamani-gallo-integral-sin-tacc-x-500-gr/p
2020-12-15,18:18:55,129.99,BIMBO PAN 350 GR INTEGRAL,BIMBO,LA AMISTAD,- LACTEADOS,https://tiendalaamistad.com.ar/tienda/almacen/panificados/lacteados/bimbo-pan-350-gr-integral/
2020-12-15,18:18:55,138.99,GALLO ARROZ INTEGRAL CAJA 1 KG,GALLO,LA AMISTAD,- INTEGRAL,https://tiendalaamistad.com.ar/tienda/almacen/arroz/integral/gallo-arroz-integral-caja-1-kg/
2020-12-15,18:18:59,139.69,Arroz Integral En Caja Gallo 1 Kg,Gallo,WALMART,Arroz y Legumbres,https://www.walmart.com.ar/arroz-integral-en-bolsa-gallo-1kg/p
2020-12-15,18:18:54,139.99,CACHAFAZ 225 GR GALL HARINA INTEGRAL Y ALGAR,CACHAFAZ,LA AMISTAD,- DULCES SECAS,https://tiendalaamistad.com.ar/tienda/desayuno-y-merienda/galletitas/dulces-secas/cachafaz-225-gr-gall-harina-integral-y-algar/
2020-12-15,18:18:53,155.99,NATUZEN HARINA DE ARROZ 1 KG,NATUZEN,LA AMISTAD,- HARINA DE ARROZ,https://tiendalaamistad.com.ar/tienda/almacen/harinas/harina-de-arroz/natuzen-harina-de-arroz-1-kg/
2020-12-15,18:18:59,170.0,Pan Doble Integral Fargo 440 Gr,Fargo,WALMART,Panificados,https://www.walmart.com.ar/pan-doble-integral-fargo-440-gr/p
2020-12-15,18:18:58,230.0,Harina 0000 San Agustín X 5kg,San Agustin,WALMART,Pastas y Harinas,https://www.walmart.com.ar/harina-0000-san-agustin-x-5kg/p
2020-12-15,18:18:54,232.0,Harina Santa María Panadería Y Repostería Sin Tacc 1 Kg,Santa Maria,WALMART,Pastas y Harinas,https://www.walmart.com.ar/premez-roja-panade-y-confit-santa-maria-1-kg/p
